Flow_Set,P_Set,T_Adj4_Set,Time,S1_Pres,S1_Temp,S1_Flow,S10_Flow,S6_Pres,Power,MA,UA,LMTD,Status
500,3.1,-109,17:54:46,3.1,35.86066331635601,12428.429495275317,500.0,14.296761287394457,206.54379380991628,1.5619174715254758,59.88507564373642,11.289584904430228,OK
500,3.1,-110,17:54:47,3.1,36.176039400129525,12428.429495275317,500.0,14.278539935212114,206.43682266809617,2.3020241075805643,61.72170905865686,11.015366450723068,OK
500,3.1,-111,17:54:49,3.1,36.47421560362761,12428.429495275317,500.0,14.261247883276972,206.3339996989359,3.0450431295172393,63.8078911957933,10.715145471296978,OK
500,3.1,-112,17:54:50,3.1,36.782402068631825,12428.429495275317,500.0,14.243301032527325,206.22716210690834,3.6663726164664396,66.16765882892388,10.39081182859011,OK
500,3.1,-113,17:54:52,3.1,37.090801704981914,12428.429495275317,500.0,14.2252578608084,206.12018207440119,3.357968628555696,68.81967509621958,10.04603849782587,OK
500,3.1,-114,17:54:54,3.1,37.39942776664918,12428.429495275317,500.0,14.207109158739145,206.01359304971143,3.049337468054034,71.80822867717163,9.681330290678059,OK
500,3.1,-115,17:54:55,3.1,37.70830569091328,12428.429495275317,500.0,14.188845102543729,205.9079551994312,2.7404537480604816,75.19749164222011,9.29602869353915,OK
500,3.1,-116,17:54:57,3.1,38.01746068552666,12428.429495275317,500.0,14.170455951189707,205.80386086710607,2.4312923259041526,79.07841719789684,8.888415359915289,OK
500,3.2,-109,17:55:36,3.2,34.40062754079605,12788.68396808573,500.0,14.92220952862642,213.34920693964165,2.2820304178093807,53.52738634317012,12.953160380016444,OK
500,3.2,-110,17:55:38,3.2,34.70962505541354,12788.683968085732,500.0,14.905189343144539,213.2361440322764,3.02533193643643,54.89924583721064,12.701390900223897,OK
500,3.2,-111,17:55:40,3.2,35.020162382388264,12788.683968085732,500.0,14.888016355203654,213.12598521440134,3.768941239175092,56.42687835926855,12.427616635651065,OK
500,3.2,-112,17:55:41,3.2,35.331121511797846,12788.683968085732,500.0,14.870652642081064,213.02609545250746,4.512805660020547,58.110309140339005,12.13573404432787,OK
500,3.2,-113,17:55:43,3.2,35.64229382503271,12788.683968085732,500.0,14.853235063071871,212.92588544050716,4.7941008366464715,59.95665779716479,11.828147939785422,OK
500,3.2,-114,17:55:45,3.2,35.95368045725746,12788.683968085732,500.0,14.835760798171933,212.82486712208572,4.482712644937919,61.98070429764036,11.505945943706855,OK
500,3.2,-115,17:55:47,3.2,36.207014690970254,12855.714581738159,500.0,14.739851173925198,213.3010859547312,4.210580723530164,64.38463417494076,11.182931975484564,OK
500,3.2,-116,17:55:49,3.2,36.55700371189181,12841.058841849173,500.0,14.737684524370495,213.05791897914892,3.8883098932857934,66.81441432216634,10.827203098307873,OK
500,3.2,-117,17:55:51,3.2,36.869982858575895,12827.981421294116,500.0,14.735727694443142,212.84093936373,3.569728793477637,69.47104940257294,10.462325222153023,OK
500,3.2,-118,17:55:53,3.2,37.19418142884473,12814.463528240527,500.0,14.733682476279226,212.61665146049307,3.2491368880702964,72.45324260844009,10.078771328995247,OK
500,3.2,-119,17:55:55,3.2,37.51572765846021,12801.084600025277,500.0,14.73163674661182,212.39466925179687,2.928159087739772,75.81172295155085,9.677275378614084,OK
500,3.2,-120,17:55:57,3.2,37.83807470112555,12787.700621789236,500.0,14.729569935686406,212.17260325352103,2.606365415878358,79.63892732300337,9.255040905197825,OK
500,3.3,-109,17:56:41,3.3000000000000003,32.91284661061536,13385.261648687047,500.0,15.27789848670909,222.2299172627016,2.352208656069422,50.061972189504196,14.394299233105173,OK
500,3.3,-110,17:56:43,3.3000000000000003,33.244220093157196,13385.261648687047,500.0,15.256487104913127,222.10468505316777,3.087276284495772,51.18761135571358,14.158745650526003,OK
500,3.4,-109,17:57:22,3.4,31.60970668903326,13878.357678825801,500.0,15.746241231518505,230.18113761785884,2.671831840306851,47.40120049433676,15.68776116146414,OK
500,3.4,-110,17:57:24,3.4,31.935977908588995,13878.357678825801,500.0,15.72372975504473,230.05282271170168,3.405984016561206,48.37074968857548,15.462175869849887,OK
500,3.5,-118,17:58:19,3.5,33.317964540931655,14196.203794112476,500.0,16.246166689671732,235.5423859534268,7.072243129217185,55.066716703602744,14.51991453597521,OK
500,3.5,-119,17:58:21,3.5,33.65695667248707,14180.371717442276,500.0,16.243866867350064,235.2796251730083,6.741004805530643,56.5695698037997,14.201599350034602,OK
500,3.5,-120,17:58:23,3.5,33.98892632043879,14164.89832006724,500.0,16.241593813299488,235.022850396801,6.40963830660381,58.17446416527135,13.875435781902903,OK
500,3.5,-121,17:58:25,3.5,34.321905993559994,14149.41254568688,500.0,16.239288357953424,234.7658663292807,6.07724300653242,59.89729313446132,13.540082149410049,OK
500,3.5,-122,17:58:27,3.5,34.65593554406507,14133.912728832207,500.0,16.236951102244785,234.5086454609761,5.74378429537208,61.747399555705066,13.196237485060593,OK
600,3.5,-107,18:03:51,3.5,36.69817287013154,14024.767032900523,600.0,16.23876346300216,232.8269532240827,1.465178206311606,72.2417872520412,10.625111062134623,OK
600,3.5,-108,18:03:52,3.5,37.01987682035633,14024.767032900523,600.0,16.21860015866994,232.70102099285282,2.204437120374166,74.82206446437637,10.317092194370138,OK
600,3.5,-109,18:03:54,3.5,37.33793299681639,14024.767032900523,600.0,16.198537488162444,232.57650766389258,2.944628336297029,77.82801456847004,9.974739742333227,OK
600,3.5,-110,18:03:56,3.5,37.656368698773576,14024.767032900523,600.0,16.178305433579858,232.4525116624447,2.820590674719355,81.30006225802691,9.60255163129743,OK
600,3.5,-111,18:03:57,3.5,37.97523140222029,14024.767032900523,600.0,16.157881216543004,232.32972829497868,2.5017165975072544,85.32066876295322,9.201379318816356,OK
600,3.5,-112,18:03:59,3.5,38.295053058557585,14024.767032900523,600.0,16.13692240057191,232.2087806856535,2.1818677425429485,90.03093087178503,8.768685062324927,OK
600,3.6,-107,18:04:37,3.6,35.32784310494884,14455.566281278168,600.0,16.786663248625032,240.27257439223916,1.9248345833299254,64.47931925560269,12.21794462290327,OK
600,3.6,-108,18:04:39,3.6,35.653155576596134,14455.566281278168,600.0,16.76583266751715,240.1459603605835,2.6636817306915646,66.33174130000927,11.944934241887037,OK
600,3.6,-109,18:04:40,3.6,35.97464763137663,14455.566281278168,600.0,16.745151101586814,240.01695158940592,3.4035765405712937,68.42901057729442,11.644928675112993,OK
600,3.6,-110,18:04:42,3.6,36.2964917621523,14455.566281278168,600.0,16.724335225154352,239.88692044779555,4.143953540476161,70.78053277476188,11.322041058220671,OK
600,3.6,-111,18:04:44,3.6,36.61873358306235,14455.566281278168,600.0,16.703364106580256,239.75651849691042,3.844107507619512,73.40921695031186,10.978402100426896,OK
600,3.6,-112,18:04:45,3.6,36.941416392553265,14455.566281278168,600.0,16.682215518526565,239.6264420985805,3.521416675741712,76.35248460943903,10.614697309535787,OK
600,3.6,-113,18:04:47,3.6,37.264585549192816,14455.566281278168,600.0,16.660865507145214,239.49743279167706,3.1982383113699484,79.66363368084119,10.230616543091273,OK
600,3.6,-114,18:04:49,3.6,37.588534498958154,14455.566281278168,600.0,16.639123756392113,239.37018403222265,2.874281610817839,83.41967135091954,9.824593454522008,OK
600,3.6,-115,18:04:50,3.6,37.91363342781449,14455.566281278168,600.0,16.61670221500805,239.25179519008663,2.549121371739652,87.73061468387172,9.393831811832154,OK
600,3.6,-116,18:04:52,3.6,38.23919482631078,14455.566281278168,600.0,16.594145819791766,239.13430472876487,2.2235570908257642,92.73466514156458,8.936214219118408,OK
600,3.7,-107,18:05:31,3.7,33.96174399195303,15057.608345834782,600.0,17.125202257841842,249.16342808252244,1.9402587506896793,59.97336160067548,13.59211405163429,OK
600,3.7,-108,18:05:32,3.7,34.30134228626309,15057.608345834782,600.0,17.09950296974613,249.03221667564344,2.6710711663260156,61.44168560461701,13.343950887694508,OK
600,3.7,-109,18:05:34,3.7,34.629418347276044,15057.608345834782,600.0,17.074623745613348,248.90187801864562,3.4043316345989183,63.08663256502024,13.07074475503937,OK
600,3.7,-110,18:05:35,3.7,34.95752481170405,15057.608345834782,600.0,17.049682425060873,248.76897588191974,4.1382669009517485,64.90909591684377,12.776493036532877,OK
600,3.7,-111,18:05:37,3.7,35.285842415419495,15057.608345834782,600.0,17.024656430711964,248.633872764017,4.872846744129248,66.91482308309327,12.464189273571119,OK
600,3.7,-112,18:05:39,3.7,35.614401814191524,15057.608345834782,600.0,16.999534372890036,248.49702313628362,4.8382829214592675,69.11774839868914,12.135445889020128,OK
600,3.7,-113,18:05:40,3.7,35.94323220577991,15057.608345834782,600.0,16.97435896785514,248.3589162295527,4.509716962500221,71.53818861263504,11.791156709706007,OK
600,3.7,-114,18:05:42,3.7,36.2616357821517,15057.608345834782,600.0,16.95021247193396,248.22460543362115,4.182504361450803,74.19057149295344,11.433726314274443,OK
600,3.7,-115,18:05:44,3.7,36.59027891478598,15057.608345834782,600.0,16.92518633785174,248.0859303795678,3.8538514908077985,77.1341306654632,11.059109356904349,OK
600,3.7,-116,18:05:45,3.7,36.91932885530821,15057.608345834782,600.0,16.900003653470534,247.94763835121336,3.5248014793457756,80.40883438772161,10.668020055629839,OK
600,3.7,-117,18:05:47,3.7,37.24882287460076,15057.608345834782,600.0,16.8746392119305,247.81035949263784,3.195305705065664,84.07883437970325,10.259177476164126,OK
600,3.7,-118,18:05:49,3.7,37.57888430751501,15057.608345834782,600.0,16.84901931145486,247.67601722447685,2.8652482531205976,88.23143400547704,9.830563885307685,OK
600,3.7,-119,18:05:50,3.7,37.90976734186978,15057.608345834782,600.0,16.822932783520944,247.55003531835587,2.534325670729281,92.99048216923461,9.379000703318876,OK
600,3.7,-120,18:05:52,3.7,38.24104603001348,15057.608345834782,600.0,16.796760168837015,247.42086051345615,2.2030563357251935,98.51936304950519,8.901402100512628,OK
600,3.8,-107,18:06:32,3.8000000000000003,32.82319833018744,15333.699114714704,600.0,17.863835828453997,255.2788965895099,2.7479940727737926,55.65714944194887,14.898203935790903,OK
600,3.8,-108,18:06:34,3.8000000000000003,33.15573833810606,15333.699114714704,600.0,17.841280105264325,255.1478627876276,3.4856425506883966,56.90267467813519,14.657159449129207,OK
600,3.8,-109,18:06:36,3.8000000000000003,33.48426238701825,15333.699114714704,600.0,17.818936469369206,255.01722399863735,4.224491456121655,58.27316992257672,14.395497223132633,OK
600,3.8,-110,18:06:37,3.8000000000000003,33.813139995642814,15333.699114714704,600.0,17.79649301896769,254.88510689356062,4.963957919350861,59.76989213472139,14.11611713679377,OK
600,3.8,-111,18:06:39,3.8000000000000003,34.14241695877297,15333.699114714704,600.0,17.773929535857242,254.74923736659386,5.7040206696317455,61.39662732229233,13.821189403059158,OK
600,3.8,-112,18:06:41,3.8000000000000003,34.4721368344247,15333.699114714704,600.0,17.751224577111365,254.60824749046134,5.9643376216681645,63.1612990794942,13.51204493683792,OK
600,3.8,-113,18:06:42,3.8000000000000003,34.80234516079082,15333.699114714704,600.0,17.728355052391812,254.46599618849837,5.634125390066252,65.07541914230222,13.189476294134005,OK
600,3.8,-114,18:06:44,3.8000000000000003,35.13308960419283,15333.699114714704,600.0,17.705296058794573,254.32323950613312,5.303376133139977,67.15413945757113,12.853888007358362,OK
600,3.8,-115,18:06:46,3.8000000000000003,35.4644201219524,15333.699114714704,600.0,17.682020692926805,254.18078686556635,4.972039865767982,69.41671661704581,12.505371012965432,OK
600,3.8,-116,18:06:47,3.8000000000000003,35.796389145877356,15333.699114714704,600.0,17.658499836349776,254.03950386587567,4.640064114350324,71.8873536862246,12.143734527317964,OK
600,3.8,-117,18:06:49,3.8000000000000003,36.12960571164132,15333.699114714704,600.0,17.63426117091122,253.90008620618818,4.3068130677597765,74.60161013681007,11.767682507089237,OK
600,3.8,-118,18:06:51,3.8000000000000003,36.46378446213771,15333.699114714704,600.0,17.60955268361061,253.7712022476373,3.9726136137650485,77.59586958906496,11.37694913248616,OK
600,3.8,-119,18:06:52,3.8000000000000003,36.79851293127609,15333.699114714704,600.0,17.58470536937617,253.6418789882408,3.637886625724491,80.91540932249556,10.971097945344459,OK
600,3.8,-120,18:06:54,3.8000000000000003,37.13376556125843,15333.699114714704,600.0,17.55973860070885,253.5083387832657,3.302636441200434,84.62361467906537,10.548690406088884,OK
600,3.9,-118,18:07:32,3.9,35.315427988856186,15891.638022118446,600.0,17.97719473951764,262.23136815161854,5.102850011908821,71.71547043086088,12.697314210529672,OK
600,3.9,-119,18:07:34,3.9,35.65709626333569,15891.638022118446,600.0,17.94949467240393,262.079452636928,4.763913862356887,74.32722312540002,12.320092106555043,OK
600,3.9,-120,18:07:36,3.9,35.996285455264456,15891.638022118446,600.0,17.921873242491078,261.92810830941795,4.424731691270239,77.17950378909816,11.931255210061806,OK
600,3.9,-121,18:07:37,3.9,36.33563891122776,15891.638022118446,600.0,17.89443682415772,261.77684084872976,4.085402972035979,80.30997749075947,11.53021634130049,OK
600,3.9,-122,18:07:39,3.9,36.67549926087611,15891.638022118446,600.0,17.866907611797615,261.6262199251689,3.745552768199289,83.7688050444134,11.11567601624035,OK
700,3.8,-106,18:11:55,3.8000000000000003,28.47964576541898,23075.25468382378,700.0,-327.67,361.2077961347199,-32767.0,-32767.0,-32767.0,OK
700,3.8,-107,18:11:56,3.8000000000000003,28.47964576541898,23075.25468382378,700.0,-327.67,361.2077961347199,-32767.0,-32767.0,-32767.0,OK
700,3.8,-108,18:11:58,3.8000000000000003,28.47964576541898,23075.25468382378,700.0,-327.67,361.2077961347199,-32767.0,-32767.0,-32767.0,OK
700,3.8,-109,18:11:59,3.8000000000000003,28.47964576541898,23075.25468382378,700.0,-327.67,361.2077961347199,-32767.0,-32767.0,-32767.0,OK
700,3.8,-110,18:12:01,3.8000000000000003,28.47964576541898,23075.25468382378,700.0,-327.67,361.2077961347199,-32767.0,-32767.0,-32767.0,OK
700,4.0,-107,18:13:32,4.0,36.66017581834172,16050.112884227481,700.0,18.690374721246716,266.30231140670435,3.0416106678145525,80.13450622936139,11.083790106991588,OK
700,4.0,-108,18:13:34,4.0,37.01480136306384,16029.465765762205,700.0,18.688848553383938,265.9777215733105,3.47247883329824,83.2766259836032,10.716414769060565,OK
700,4.0,-109,18:13:36,4.0,37.34570832959798,16029.465765762205,700.0,18.66548782851566,265.82945036465367,3.140909619758716,86.8349782171454,10.335941335524577,OK
700,4.0,-110,18:13:37,4.0,37.67780102500484,16029.465765762205,700.0,18.641926714872277,265.6814270101993,2.8088123360348547,90.91511990015553,9.92822446906556,OK
700,4.0,-111,18:13:39,4.0,38.01040772651595,16029.465765762205,700.0,18.618193050337684,265.53488026971155,2.4761998635119795,95.63597032328947,9.491609743483668,OK
700,4.0,-112,18:13:41,4.0,38.34310527929853,16029.465765762205,700.0,18.59427919392181,265.39179241315014,2.143554367715616,101.16607821581862,9.023404316012796,OK
700,4.2,-115,18:15:19,4.2,37.02637731492308,16999.89094910756,700.0,19.4672518219158,280.691433299409,3.4290222359471585,89.58181155138915,10.905013944618506,OK
700,4.2,-116,18:15:21,4.2,37.37420194484508,16999.89094910756,700.0,19.43814545092947,280.52839908522844,3.0845944793045987,93.8827950007738,10.464295254764743,OK
700,4.2,-117,18:15:22,4.2,37.71895052492721,16999.89094910756,700.0,19.40912243838847,280.36548361406665,2.7398483387070627,98.78389960477193,10.001112095124144,OK
700,4.2,-118,18:15:24,4.2,38.06455634702934,16999.89094910756,700.0,19.37973059851636,280.20154547922994,2.394234718871836,104.4611518702295,9.510645470845136,OK
700,4.3,-119,18:16:13,4.3,37.55863035847244,17205.15873762045,700.0,20.159995170319426,285.4658988494235,2.8904707901748736,97.75874463019991,10.3505657994913,OK
700,4.3,-120,18:16:15,4.3,37.912946091984566,17205.15873762045,700.0,20.133370476724128,285.29572492603205,2.540570654530896,103.2376137667461,9.856659081338082,OK
800,4.3,-106,18:22:13,4.3,30.475977169040164,24590.843303719823,800.0,-327.67,385.601841409512,-32767.0,-32767.0,-32767.0,OK
800,4.3,-107,18:22:15,4.3,30.475977169040164,24590.843303719823,800.0,-327.67,385.601841409512,-32767.0,-32767.0,-32767.0,OK
800,4.3,-108,18:22:16,4.3,30.475977169040164,24590.843303719823,800.0,-327.67,385.601841409512,-32767.0,-32767.0,-32767.0,OK
800,4.3,-109,18:22:18,4.3,30.475977169040164,24590.843303719823,800.0,-327.67,385.601841409512,-32767.0,-32767.0,-32767.0,OK
800,4.3,-110,18:22:19,4.3,30.475977169040164,24590.843303719823,800.0,-327.67,385.601841409512,-32767.0,-32767.0,-32767.0,OK
800,4.5,-112,18:24:05,4.5,38.75242044028903,17774.116245054644,800.0,21.299760403486477,296.208958201041,1.7445709707095602,117.70740127101655,8.724369511943276,OK
800,4.5,-113,18:24:07,4.5,39.10469548628282,17774.116245054644,800.0,21.273968912270888,296.05310748564483,1.3965509833173826,127.19455300035776,8.119682104239256,OK
800,4.5,-114,18:24:09,4.5,39.45305559093168,17774.116245054644,800.0,21.24845388301301,295.89838547370255,1.048187727149184,139.66767079337885,7.436519566584161,OK
800,4.5,-115,18:24:10,4.5,39.802155555700494,17774.116245054644,800.0,21.222872258167314,295.74202876982287,0.6990822581433491,157.6207119622599,6.626790608619696,OK
800,4.5,-116,18:24:12,4.5,40.152030400628064,17774.116245054644,800.0,21.197208853021447,295.5838189146053,0.34918457044550166,188.93195720426868,5.559748241517555,Temp Cross (MA 0.35)
800,4.7,-113,18:25:46,4.7,36.86249936693122,18861.9271277723,800.0,22.12968506636145,312.85894005173975,3.6057126106544075,94.8945236974817,11.45175790071762,OK
800,4.7,-114,18:25:47,4.7,37.22202360578416,18861.9271277723,800.0,22.099917929286743,312.6693981845338,3.2503596812980575,99.33722718075487,11.00276073702252,OK
800,4.7,-115,18:25:49,4.7,37.57789477101943,18861.9271277723,800.0,22.070322788383134,312.4837995688055,2.894488939673167,104.39170842941432,10.530202536730128,OK
800,4.7,-116,18:25:51,4.7,37.93535014594357,18861.9271277723,800.0,22.040441638037578,312.30081744068445,2.53704110050748,110.24319868647079,10.028427471034435,OK
800,4.8,-103,18:26:29,4.8,32.17431107237502,19621.352355127565,800.0,22.616950157367047,324.96473002183717,1.9641572764730881,66.67688943530412,15.878184349254822,OK
800,4.8,-104,18:26:31,4.8,32.53257872980049,19621.352355127565,800.0,22.583387604007594,324.7797616828148,2.6947207156956097,67.99031810543796,15.6651740183088,OK
800,4.8,-105,18:26:33,4.8,32.88538688576449,19621.352355127565,800.0,22.54942750830673,324.6037026195404,3.4262808653166985,69.48634504502714,15.419555427209058,OK
800,4.8,-106,18:26:34,4.8,33.240051906033045,19621.352355127565,800.0,22.515026030167554,324.4208657932309,4.15675775116307,71.16034833946885,15.146468713574997,OK
800,4.8,-107,18:26:36,4.8,33.595760261835494,19621.352355127565,800.0,22.480383026844137,324.2332323592383,4.8885357150885795,72.9970234367992,14.852987866253468,OK
800,4.8,-108,18:26:38,4.8,33.951151548230996,19621.352355127565,800.0,22.445593925015775,324.0422254605413,5.621092879112496,75.00395390833648,14.540984664839955,OK
800,4.8,-109,18:26:39,4.8,34.307668261565595,19621.352355127565,800.0,22.410368446619213,323.84783972824073,6.14619709772726,77.19411096821642,14.211615309667357,OK
800,4.8,-110,18:26:41,4.8,34.66415916698901,19621.352355127565,800.0,22.374974772253466,323.651533986781,5.789725825914651,79.5770337953269,13.866933770767826,OK
800,4.8,-111,18:26:43,4.8,35.022638399583684,19621.352355127565,800.0,22.33918660153062,323.4530986628544,5.4317939292104285,82.18385419649343,13.505596465243872,OK
800,4.8,-112,18:26:44,4.8,35.38120492103019,19621.352355127565,800.0,22.3031671548509,323.25456083471016,5.072628361869505,85.03989285370206,13.128037238728727,OK
800,4.8,-113,18:26:46,4.8,35.740179555519546,19621.352355127565,800.0,22.26685929703594,323.05679569330994,4.713756105455431,88.16704981397427,12.73593489221221,OK
800,4.8,-114,18:26:48,4.8,36.10045698895709,19621.352355127565,800.0,22.230146031709946,322.8604455665877,4.353430686454452,91.6229004578266,12.326486743970815,OK
800,4.8,-115,18:26:49,4.8,36.46193764382315,19621.352355127565,800.0,22.192791645612253,322.6735500846235,3.9919365229722388,95.46181449154058,11.899030841277625,OK
800,4.8,-116,18:26:51,4.8,36.82509576114467,19621.352355127565,800.0,22.154912194912445,322.4899337916692,3.628762770936902,99.7637261169262,11.45140215588054,OK
800,4.8,-117,18:26:53,4.8,37.188378950659114,19621.352355127565,800.0,22.11693733430548,322.3016995411879,3.265498122450758,104.60697453036629,10.983831103999247,OK
800,4.8,-118,18:26:54,4.8,37.55202823218576,19621.352355127565,800.0,22.07926455258747,322.10934062449354,2.9018796359536196,110.12405999914766,10.493236258232372,OK
800,4.8,-119,18:26:56,4.8,37.91640803384968,19621.352355127565,800.0,22.041535209926796,321.9133348782858,2.537518906655592,116.5058908018442,9.975042507368727,OK
800,4.8,-120,18:26:58,4.8,38.28132055987288,19621.352355127565,800.0,22.003588799322838,321.71452284567295,2.172617802785325,124.02264760013188,9.42380980852742,OK
900,4.8,-106,18:31:55,4.8,38.51328724324367,19151.00967063601,900.0,22.609929978629893,317.7353271946674,2.003863331444933,118.70061594878675,9.117225741939336,OK
900,4.8,-107,18:31:57,4.8,38.86840142778618,19151.00967063601,900.0,22.580814052906636,317.54587612032617,1.6538218245806888,126.91822558595773,8.576389128207444,OK
900,4.8,-108,18:31:58,4.8,39.219379956618695,19151.00967063601,900.0,22.551884862601984,317.3600133566626,1.3035472528974594,137.37064192461423,7.96954748734058,OK
900,4.8,-109,18:32:00,4.8,39.570527204013956,19151.00967063601,900.0,22.522623735460506,317.17675380636575,0.9523886974257181,151.4933650637207,7.268146500562506,OK
900,4.8,-110,18:32:02,4.8,39.92259868977766,19151.00967063601,900.0,22.492941365712422,317.0032705628297,0.6002595571993794,172.7352390680592,6.410877695456567,OK
900,5.0,-112,18:33:49,5.0,38.913157402333866,19789.882020682144,900.0,23.72821124460734,329.43049316462685,1.5885043866116462,133.06747570662927,8.677144376373947,OK
900,5.0,-113,18:33:50,5.0,39.27916601850643,19789.882020682144,900.0,23.698278016435925,329.24708405961377,1.226919790624585,145.1279667952578,8.002056198170788,OK
900,5.0,-114,18:33:52,5.0,39.641355769940674,19789.882020682144,900.0,23.66863263097012,329.0637213430003,0.864725494014742,161.7822475271126,7.219633695019945,OK
900,5.0,-115,18:33:54,5.0,40.004566166121265,19789.882020682144,900.0,23.638862859560163,328.87771606802147,0.5015045607986863,188.216852631792,6.241295838971799,OK
900,5.0,-116,18:33:55,5.0,40.36887244258071,19789.882020682144,900.0,23.608944992818902,328.68215394107074,0.1371976310683607,251.67945541932824,4.694258687034045,Temp Cross (MA 0.14)
900,5.1,-103,18:34:48,5.1000000000000005,34.439520094676766,20546.114620685268,900.0,24.234658187687728,341.5291356514727,2.840604231925056,80.58655520172867,14.016236135256097,OK
900,5.1,-104,18:34:49,5.1000000000000005,34.80163135469121,20546.114620685268,900.0,24.20245674014735,341.32808468806826,3.577551926226988,82.77822483310077,13.726940317619823,OK
900,5.1,-105,18:34:51,5.1000000000000005,35.15889790523431,20546.114620685268,900.0,24.170431973738236,341.12281896187017,4.315759927524454,85.2321759292117,13.411186767666218,OK
900,5.1,-106,18:34:53,5.1000000000000005,35.516969276949794,20546.114620685268,900.0,24.138132183666695,340.9156520520416,4.970495939539504,87.9689030890501,13.071135025979999,OK
900,5.1,-107,18:34:54,5.1000000000000005,35.87578384493793,20546.114620685268,900.0,24.105660519676512,340.70797002322945,4.611680994726328,91.0145720478063,12.708503943865322,OK
900,5.1,-108,18:34:56,5.1000000000000005,36.23538586077035,20546.114620685268,900.0,24.072988848234388,340.50120323481354,4.2520781076876375,94.40921589752993,12.323818174331022,OK
900,5.1,-109,18:34:58,5.1000000000000005,36.595831924678976,20546.114620685268,900.0,24.040085893082864,340.2968852966956,3.8916307143229147,98.20779009264889,11.916802162140922,OK
900,5.1,-110,18:34:59,5.1000000000000005,36.95731173587535,20546.114620685268,900.0,24.006778982697973,340.10276957235595,3.5301508818360787,102.48634697445137,11.486226950986262,OK
900,5.1,-111,18:35:01,5.1000000000000005,37.31978017539029,20546.114620685268,900.0,23.973129628755093,339.9163620798615,3.1676707232882606,107.3453776103773,11.030365540864803,OK
900,5.1,-112,18:35:03,5.1000000000000005,37.683117471419166,20546.114620685268,900.0,23.939328240095243,339.7233854283338,2.8043349322793034,112.92264518417329,10.54665558908557,OK
900,5.1,-113,18:35:05,5.1000000000000005,38.04737820991454,20546.114620685268,900.0,23.905338336263686,339.5252857576522,2.4400750853319977,119.41981379234264,10.030785250346478,OK
900,5.1,-114,18:35:06,5.1000000000000005,38.412626198205146,20546.114620685268,900.0,23.87111960264894,339.32280780160306,2.074827927646176,127.13990970700507,9.476286265115995,OK
900,5.2,-101,18:35:36,5.2,32.67362122558677,21200.241371088876,900.0,24.614209796543168,351.31596585298047,1.318680781178216,74.06338894031138,15.465319017928442,OK
900,5.2,-102,18:35:38,5.2,33.03813070869694,21200.241371088876,900.0,24.578675048269126,351.10062825626534,2.0505297304281953,75.41034073778786,15.28142363248719,OK
900,5.2,-103,18:35:39,5.2,33.39744434191857,21200.241371088876,900.0,24.543187623169203,350.90168175005095,2.7834223554526147,77.04040717359084,15.0484592856609,OK
900,5.2,-104,18:35:41,5.2,33.757753935167955,21200.241371088876,900.0,24.50729773684061,350.707350669122,3.516737086410444,78.9046004382564,14.781354490552905,OK
900,5.2,-105,18:35:43,5.2,34.11879535902045,21200.241371088876,900.0,24.471147385494582,350.5061436200494,4.250705510044156,80.98772639347756,14.487506735764914,OK
900,5.2,-106,18:35:45,5.2,34.48062638950648,21200.241371088876,900.0,24.434685318809066,350.29982856955024,4.985278576818871,83.29303312467891,14.170691032004818,OK
900,5.2,-107,18:35:46,5.2,34.843322062769346,21200.241371088876,900.0,24.39785398675708,350.08915590708244,5.6289943494537695,85.83421166553535,13.833016153069867,OK
900,5.2,-108,18:35:48,5.2,35.20747819586359,21200.241371088876,900.0,24.36001407229482,349.87464472129,5.264812229929149,88.63832591082216,13.474836703560616,OK
900,5.2,-109,18:35:50,5.2,35.57273456582459,21200.241371088876,900.0,24.321597254415384,349.65745762572345,4.899542057975999,91.73273387681367,13.097231339048923,OK
900,5.2,-110,18:35:51,5.2,35.938915359556404,21200.241371088876,900.0,24.282816475261107,349.438745540333,4.533361742301153,95.15581881053552,12.700443057958555,OK
900,5.2,-111,18:35:53,5.2,36.30621412779578,21200.241371088876,900.0,24.243459155345295,349.2195322920693,4.166054237366907,98.96219854105469,12.283633642815603,OK
900,5.2,-112,18:35:55,5.2,36.674519436623996,21200.241371088876,900.0,24.203692943134968,349.0011204123563,3.7977498130363614,103.21934026554545,11.845931313524368,OK
900,5.2,-113,18:35:56,5.2,37.04387419995987,21200.241371088876,900.0,24.16348761969282,348.7848210413946,3.4283951599917017,108.01953881418072,11.38556149307382,OK
900,5.2,-114,18:35:58,5.2,37.41465336429508,21200.241371088876,900.0,24.122426519721706,348.58221416851063,3.0575983091799372,113.49423631249975,10.899373110779319,OK
900,5.2,-115,18:36:00,5.2,37.78648283340584,21200.241371088876,900.0,24.081006421793695,348.37788997892216,2.6857723455319373,119.81397928551984,10.384355179652124,OK
900,5.2,-116,18:36:01,5.2,38.15927139769303,21200.241371088876,900.0,24.039346581852502,348.1680937529825,2.3129941249149084,127.23423132539051,9.835317864745722,OK
900,5.3,-101,18:36:30,5.3,31.788608102388878,21681.58323002559,900.0,25.10992873127772,359.2144741712952,1.5299887814222188,71.39058579042431,16.35962896923063,OK
900,5.3,-102,18:36:32,5.3,32.162550474225725,21681.58323002559,900.0,25.07211911839611,358.98949520223346,2.2600460472880286,72.6360057353236,16.177727861567075,OK
900,5.3,-103,18:36:33,5.3,32.52495403075261,21681.58323002559,900.0,25.034863540709143,358.7899919453124,2.9919209543639056,74.10898553573575,15.952587959808655,OK
900,5.3,-104,18:36:35,5.3,32.888304399138974,21681.58323002559,900.0,24.99729908321259,358.5863216981381,3.724385992281327,75.77872841997336,15.695583647319522,OK
900,5.3,-105,18:36:37,5.3,33.25245597680231,21681.58323002559,900.0,24.959400422081664,358.3758936871928,4.457430864273562,77.63256717305507,15.413237247398929,OK
900,5.3,-106,18:36:39,5.3,33.617851034516605,21681.58323002559,900.0,24.920705358552656,358.1602004595282,5.190423157822522,79.67367500700882,15.108658872786535,OK
900,5.3,-107,18:36:40,5.3,33.984470248305854,21681.58323002559,900.0,24.881228132640146,357.940118390212,5.923411409829157,81.91037681010349,14.784103345066208,OK
900,5.3,-108,18:36:42,5.3,34.351966878773055,21681.58323002559,900.0,24.8414243205731,357.71681752811753,6.1098120322365475,84.35401318797675,14.441505085390355,OK
900,5.3,-109,18:36:44,5.3,34.72051323923489,21681.58323002559,900.0,24.801080076420195,357.49125065671603,5.741258490757772,87.02597013201027,14.081364025233594,OK
900,5.3,-110,18:36:45,5.3,35.08999374454413,21681.58323002559,900.0,24.760369787315607,357.2646415914035,5.37178106972398,89.95109317236655,13.704216203591201,OK
900,5.3,-111,18:36:47,5.3,35.46044884518233,21681.58323002559,900.0,24.719264506214074,357.0382187149747,5.001328152375301,93.16292967065033,13.309951347685116,OK
900,5.3,-112,18:36:49,5.3,35.83194494009581,21681.58323002559,900.0,24.6777189679512,356.8132988536784,4.629833357328408,96.70441432464145,12.898060855146221,OK
900,5.3,-113,18:36:51,5.3,36.2046936248704,21681.58323002559,900.0,24.635524209228105,356.5958422005624,4.257089449931399,100.63230555524208,12.467420010635363,OK
900,5.3,-114,18:36:52,5.3,36.57876046593378,21681.58323002559,900.0,24.592593195768384,356.3875271582965,3.8829993838344095,105.019150558717,12.016586936003131,OK
900,5.3,-115,18:36:54,5.3,36.95380827661427,21681.58323002559,900.0,24.5494295608808,356.17316456204026,3.5079639181364826,109.95390111819584,11.544312527024248,OK
900,5.3,-116,18:36:56,5.3,37.329867321799895,21681.58323002559,900.0,24.50600138981156,355.9534512391328,3.1319164197525993,115.56391613175538,11.047888566557422,OK
900,5.3,-117,18:36:57,5.3,37.707010445098604,21681.58323002559,900.0,24.46227076316157,355.7291428656396,2.7547841285064862,122.02755656557063,10.523506670569324,OK
900,5.3,-118,18:36:59,5.3,38.08523716350521,21681.58323002559,900.0,24.418255570873544,355.50112687418886,2.376542740850411,129.60358187478582,9.965811629810787,OK
1000,5.3,-101,18:42:43,5.3,36.951496896945,20878.738000418354,1000.0,25.480612077308223,349.45474076937154,2.0558987459488094,102.40070667728693,11.321962079285768,OK
1000,5.3,-102,18:42:44,5.3,37.31931484434364,20878.738000418354,1000.0,25.44971989283337,349.2562670160787,2.795265693943861,106.46735388855353,10.95462874957363,OK
1000,5.3,-103,18:42:46,5.3,37.67850727786373,20878.738000418354,1000.0,25.419487130279325,349.06052627622756,2.854107912239755,111.26358376378975,10.54466466840948,OK
1000,5.3,-104,18:42:48,5.3,38.03852999940551,20878.738000418354,1000.0,25.38911042640981,348.86222256745145,2.494074628476632,116.9487737528939,10.091439723486138,OK
1000,5.3,-105,18:42:49,5.3,38.39930341776807,20878.738000418354,1000.0,25.35858645810436,348.6611719937267,2.133300633228444,123.76052664460867,9.592266501069627,OK
1000,5.3,-106,18:42:51,5.3,38.76092436513329,20878.738000418354,1000.0,25.327896866771685,348.45708079298447,1.7716738958689717,132.0954674240852,9.039864069418048,OK
1000,5.4,-101,18:43:25,5.4,36.068735980019426,21281.12039659276,1000.0,26.04860931396502,356.6082361721593,2.3531317148904805,94.74748734688511,12.441555246370589,OK
1000,5.4,-102,18:43:27,5.4,36.41989203257117,21281.12039659276,1000.0,26.01865259338229,356.41843036193563,3.095049332856888,97.89103429574824,12.11403002240671,OK
1000,5.4,-103,18:43:28,5.4,36.781992967898304,21281.12039659276,1000.0,25.987718138739215,356.22119030729226,3.740562284498452,101.5455334066128,11.747913999404545,OK
1000,5.4,-104,18:43:30,5.4,37.14489686127888,21281.12039659276,1000.0,25.956659913059948,356.0217743265347,3.3776533947369387,105.75474457147037,11.347577800096152,OK
1000,5.4,-105,18:43:32,5.4,37.50864256802663,21281.12039659276,1000.0,25.925463832020593,355.8199453878699,3.013902482022118,110.6177622910876,10.913179744164985,OK
1000,5.4,-106,18:43:33,5.4,37.873274958997,21281.12039659276,1000.0,25.894115298333542,355.61545014243563,2.6492647121616812,116.2852963584278,10.442789122319198,OK
1000,5.4,-107,18:43:35,5.4,38.23884037574601,21281.12039659276,1000.0,25.862599401228923,355.408020710778,2.283693767450387,122.98476856516828,9.932244403102017,OK
1000,5.4,-108,18:43:37,5.4,38.60538673909082,21281.12039659276,1000.0,25.830900913612638,355.19737389458027,1.9171417524296785,131.0713464892078,9.374345460687426,OK
1000,5.5,-101,18:44:11,5.5,35.211499451007796,21678.086113949346,1000.0,26.621827476032,363.7183148690674,2.649716620785682,89.01424099992593,13.4590112205397,OK
1000,5.5,-102,18:44:13,5.5,35.56357481784653,21678.086113949346,1000.0,26.59154184539053,363.5195434589199,3.3924220290710423,91.6143246493726,13.155730729038762,OK
1000,5.5,-103,18:44:14,5.5,35.9286144382404,21678.086113949346,1000.0,26.559880591902928,363.3174722133073,4.13434395044149,94.59588381585436,12.81782016481145,OK
1000,5.5,-104,18:44:16,5.5,36.29449736378973,21678.086113949346,1000.0,26.528114825138072,363.11912928204833,4.21849032110066,97.97164759105242,12.450466463728233,OK
1000,5.5,-105,18:44:18,5.5,36.661251150187525,21678.086113949346,1000.0,26.49623037853627,362.91597665489127,3.8517316968310666,101.79240851438794,12.054858226715186,OK
1000,5.5,-106,18:44:19,5.5,37.028924147072814,21678.086113949346,1000.0,26.464211303373997,362.7105471791541,3.4840536311363053,106.1334118628532,11.630783556368755,OK
1000,5.5,-107,18:44:21,5.5,37.39756617264209,21678.086113949346,1000.0,26.43204147456298,362.50258541700396,3.1154063385311446,111.10155173233714,11.176788133353131,OK
1000,5.5,-108,18:44:23,5.5,37.767228653547704,21678.086113949346,1000.0,26.39970453861226,362.2918206129632,2.7457384155610995,116.84937263572613,10.69004548090783,OK
1000,5.5,-109,18:44:24,5.5,38.13796477762605,21678.086113949346,1000.0,26.367183892861682,362.0779658033804,2.3749967063389477,123.600564455586,10.165935399845882,OK
1000,5.5,-110,18:44:26,5.5,38.509829738840494,21678.086113949346,1000.0,26.33446251733138,361.86071680790485,2.0031260386162373,131.6982671341125,9.59716566367608,OK
1000,5.6,-101,18:44:55,5.6000000000000005,33.8523775330176,22622.18886717103,1000.0,26.7079075336541,375.92521648954283,2.2876464632504394,84.11781876585037,14.735590851057466,OK
1000,5.6,-102,18:44:56,5.6000000000000005,34.22462205947545,22622.18886717103,1000.0,26.671293993836162,375.6903503846296,3.0237500492357867,86.15704782163748,14.474585726445389,OK
1000,5.6,-103,18:44:58,5.6000000000000005,34.5914292535291,22622.18886717103,1000.0,26.63498939779029,375.456259512537,3.7613318298866147,88.47294460227694,14.181187447174405,OK
1000,5.6,-104,18:45:00,5.6000000000000005,34.959299835482284,22622.18886717103,1000.0,26.598360141392174,375.2207351232819,4.499573634468476,91.07147105082318,13.859831295531503,OK
1000,5.6,-105,18:45:01,5.6000000000000005,35.32812729644763,22622.18886717103,1000.0,26.561395120944812,374.9855474785488,5.163413428867827,93.96845031641587,13.513463186819926,OK
1000,5.6,-106,18:45:03,5.6000000000000005,35.69788292550112,22622.18886717103,1000.0,26.524176400820274,374.75255473901063,4.793658235032979,97.19233493858479,13.143674340325141,OK
1000,5.6,-107,18:45:05,5.6000000000000005,36.06868278788829,22622.18886717103,1000.0,26.48660688508305,374.5262575423764,4.422869005925939,100.78624784100114,12.750859052869306,OK
1000,5.6,-108,18:45:07,5.6000000000000005,36.440666196455595,22622.18886717103,1000.0,26.448505134961508,374.31529837867333,4.050865308556816,104.80989111042217,12.334519513119057,OK
1000,5.6,-109,18:45:08,5.6000000000000005,36.81360796223362,22622.18886717103,1000.0,26.410244841286485,374.09833344895344,3.6779269496229574,109.33752047252972,11.894106534792058,OK
1000,5.6,-110,18:45:10,5.6000000000000005,37.18755565660257,22622.18886717103,1000.0,26.371785991728483,373.8745361197021,3.3039819868598173,114.47497922351118,11.427731524784681,OK
1000,5.6,-111,18:45:12,5.6000000000000005,37.56258740459316,22622.18886717103,1000.0,26.333081845310204,373.64541779455203,2.928952372167714,120.36928545024992,10.932457122949431,OK
1000,5.6,-112,18:45:13,5.6000000000000005,37.93878530779244,22622.18886717103,1000.0,26.294081442710358,373.41189456390816,2.55275609295974,127.23122151959464,10.403901343647302,OK
1000,5.7,-101,18:45:43,5.7,33.02118287858269,23086.478455910867,1000.0,27.222918507144975,383.67256934319255,2.5052437101643363,80.78169640776758,15.618165645830699,OK
1000,5.7,-102,18:45:45,5.7,33.39627181448094,23086.478455910867,1000.0,27.184963144778287,383.4320572459399,3.240997463422161,82.59968512931391,15.3682024759584,OK
1000,5.7,-103,18:45:46,5.7,33.765875489065024,23086.478455910867,1000.0,27.14738076392496,383.1908489816265,3.978330632844404,84.64685259079553,15.088078559338351,OK
1000,5.7,-104,18:45:48,5.7,34.136582538676805,23086.478455910867,1000.0,27.109432220214977,382.94792899280446,4.716301312402493,86.92614117603243,14.781847272701265,OK
1000,5.7,-105,18:45:50,5.7,34.5082031413437,23086.478455910867,1000.0,27.0712481873522,382.70519969149467,5.45511261074455,89.44701686658689,14.452369115599039,OK
1000,5.7,-106,18:45:51,5.7,34.880790279094185,23086.478455910867,1000.0,27.032791389777714,382.46455050129725,5.600868039012333,92.22635607858955,14.101566096469224,OK
1000,5.7,-107,18:45:53,5.7,35.25444923630039,23086.478455910867,1000.0,26.99398868888936,382.2293181665397,5.227223226043392,95.29212648199005,13.730135103308696,OK
1000,5.7,-108,18:45:55,5.7,35.629377093692085,23086.478455910867,1000.0,26.954574079963947,382.01182623879663,4.852272774416861,98.68295929717324,13.338007363277702,OK
1000,5.7,-109,18:45:56,5.7,36.005319633685076,23086.478455910867,1000.0,26.914979151042882,381.78846698327504,4.476334439199491,102.44328803349029,12.925392523828998,OK
1000,5.7,-110,18:45:58,5.7,36.382324896266255,23086.478455910867,1000.0,26.875160202563247,381.55779315908626,4.099332702860181,106.63588881098143,12.491399550502289,OK
1000,5.7,-111,18:46:00,5.7,36.760474986693225,23086.478455910867,1000.0,26.835066083254116,381.3215001293049,3.7211855408777836,111.34388418991948,12.034519978127255,OK
1000,5.7,-112,18:46:02,5.7,37.13985642781353,23086.478455910867,1000.0,26.79464069992205,381.0805486981697,3.3418065250327516,116.6793164204327,11.552490144194389,OK
1000,5.7,-113,18:46:03,5.7,37.5205604911377,23086.478455910867,1000.0,26.753822389949402,380.8360020729302,2.9611044719981834,122.79722505963389,11.042038631039793,OK
1000,5.7,-114,18:46:05,5.7,37.90268353554393,23086.478455910867,1000.0,26.712543269480147,380.5890329297222,2.5789831105039553,129.919776185926,10.498449515776691,OK
1100,5.4,-98,18:49:16,2.9150441644578997,97.17465820954055,9771.302961002486,1100.0,12.833706285295014,162.12475156652962,-55.936903379728406,-32767.0,-32767.0,Temp Cross (MA -55.94)
1100,5.4,-99,18:49:18,2.9150441644578997,97.53329073528914,9761.807817666595,1100.0,12.830592444942955,161.9672088354769,-56.28782652625269,-32767.0,-32767.0,Temp Cross (MA -56.29)
1100,5.4,-100,18:49:21,2.9150441644578997,97.84107865612003,9754.903613155919,1100.0,12.826981921472871,161.84209604917007,-56.61534022324058,-32767.0,-32767.0,Temp Cross (MA -56.62)
1100,5.4,-101,18:49:23,2.9150441644578997,98.15186161509467,9754.90361315592,1100.0,12.818033148549144,161.77170283238087,-56.88748436744959,-32767.0,-32767.0,Temp Cross (MA -56.89)
1100,5.4,-102,18:49:25,2.9150441644578997,98.68461568285824,9722.91647488438,1100.0,12.826933828563993,161.39506814525876,-57.432817329279445,93445.41039030917,0.007318976954134242,Temp Cross (MA -57.43)
1100,5.5,-100,18:50:12,5.5,39.58329027445723,21355.620952257374,1100.0,26.53336826122191,358.42894322440304,0.9834199175943539,160.74831393502635,7.474583732207062,OK
1100,5.5,-101,18:50:14,5.5,39.949116360961455,21355.620952257374,1100.0,26.504180904665322,358.2239112716228,0.6232349525968601,181.5134676879065,6.658783479210024,OK
1100,5.5,-102,18:50:15,5.5,40.30979102352512,21355.620952257374,1100.0,26.475218030914558,358.03110644924396,0.2625524808596893,222.24703608279353,5.470457651664109,Temp Cross (MA 0.26)
1100,5.5,-103,18:50:17,5.5,40.6713078374334,21355.620952257374,1100.0,26.44613071458986,357.83915018699946,-0.09897493518942468,1708.555334596447,0.7157779300674452,Temp Cross (MA -0.10)
1100,5.5,-104,18:50:19,5.5,41.03368385076084,21355.620952257374,1100.0,26.41694020661392,357.6453960504672,-0.4613603514422664,11134.338459277586,0.1104797784005993,Temp Cross (MA -0.46)
1100,5.6,-102,18:51:03,5.6000000000000005,38.708907118632396,22331.69370832698,1100.0,26.549134066457988,370.525845833655,1.8526489525318937,138.46454457953112,9.092858862497149,OK
1100,5.6,-103,18:51:05,5.6000000000000005,39.07426559478449,22305.17193224154,1100.0,26.542675510130493,370.0857984442622,1.463112630730521,149.18639062411063,8.481704906462964,OK
1100,5.6,-104,18:51:07,5.6000000000000005,39.48051190191876,22275.757092839227,1100.0,26.535489705282785,369.5977495576908,1.0664375142408673,164.16261936841508,7.746273809498815,OK
1100,5.6,-105,18:51:11,5.6000000000000005,39.63848243985831,22472.72015762595,1100.0,26.299623291839513,371.1524043801183,0.8951333706276614,175.0853972581224,7.351904267381851,OK
1100,5.6,-106,18:51:12,5.6000000000000005,40.016874129579946,22472.72015762595,1100.0,26.261361083163298,370.9203382065752,0.5269436177566007,202.1916840215785,6.403822989421165,OK
1100,5.7,-101,18:51:58,5.7,36.9417081171693,23686.8436708994,1100.0,25.87797721046917,386.0156500619163,0.67012973112287,118.80042667190823,11.010998212989017,OK
1100,5.7,-102,18:52:00,5.7,37.32270246741467,23686.8436708994,1100.0,25.822551466307214,385.7605103922426,1.3827944611366831,123.22162295941445,10.67907609371613,OK
1100,5.8,-101,18:52:30,5.8,36.95018795534378,22839.820140630913,1100.0,27.991597310814917,382.3742629317565,3.0470357668750125,109.73940149297408,11.653056583519218,OK
1100,5.8,-102,18:52:32,5.8,37.30558545445501,22839.820140630913,1100.0,27.959154225738622,382.16521816205056,3.229677188664411,114.31107700924365,11.254136828249667,OK
1100,5.8,-103,18:52:33,5.8,37.675985451511224,22839.820140630913,1100.0,27.92527591859596,381.9452877651362,2.8591857771379665,119.69898626337344,10.812176665735045,OK
1100,5.8,-104,18:52:35,5.8,38.04763664722384,22839.820140630913,1100.0,27.89120225557237,381.7222625575696,2.487528540873548,126.0696424298405,10.327338221142009,OK
1100,5.8,-105,18:52:37,5.8,38.42011940444195,22839.820140630913,1100.0,27.856957399567367,381.496121410231,2.1150415284664774,133.71230471376862,9.795245945396573,OK
1100,5.8,-106,18:52:38,5.8,38.79367693341612,22839.820140630913,1100.0,27.822504617747406,381.2664301339173,1.7414786317135906,143.11381998854105,9.206312437506625,OK
1100,5.9,-101,18:53:13,5.9,36.078063539833295,23296.738918068884,1100.0,28.514939178798272,390.0564528888327,3.260902957230172,102.12824765981328,12.736610540113142,OK
1100,5.9,-102,18:53:15,5.9,36.4359051110157,23296.738918068884,1100.0,28.481420385584467,389.8413855940463,4.004924457953393,105.73572219509869,12.376381213978751,OK
1100,5.9,-103,18:53:16,5.9,36.809180253330055,23296.738918068884,1100.0,28.446386776132574,389.61492825707506,3.7154951462485855,109.89476935842987,11.980074096086804,OK
1100,5.9,-104,18:53:18,5.9,37.1834727651717,23296.738918068884,1100.0,28.41117332377793,389.3854376582857,3.3411984059469546,114.67143882477667,11.550335691571037,OK
1100,5.9,-105,18:53:20,5.9,37.55909065131664,23296.738918068884,1100.0,28.375736618090574,389.15243677398024,2.9655747882685404,120.19984126002016,11.085411541188277,OK
1100,5.9,-106,18:53:21,5.9,37.935673059641374,23296.738918068884,1100.0,28.340096251423898,388.9158451304322,2.5889971586277625,126.66556222873955,10.582685585722178,OK
1100,5.9,-107,18:53:23,5.9,38.31331437602728,23296.738918068884,1100.0,28.30422873783314,388.675285114639,2.2113425509874816,134.35913901187155,10.036427426571024,OK
1100,5.9,-108,18:53:25,5.9,38.69184257128808,23296.738918068884,1100.0,28.268135714603304,388.42519964879614,1.8328039375102065,143.734399511871,9.437807628715653,OK
1100,6.0,-101,18:53:55,6.0,35.39489328792621,23620.377080103022,1100.0,29.142306325486853,396.45214375073056,3.5998096019158083,96.8584774972841,13.600039429254968,OK
1100,6.0,-102,18:53:57,6.0,35.74402056519642,23620.377080103022,1100.0,29.110495020182977,396.23229006242116,4.347184785533102,99.94421010501263,13.260893839753724,OK
1100,6.0,-103,18:53:58,6.0,36.11973495241676,23620.377080103022,1100.0,29.076004255256407,396.00581939789527,4.397754251689946,103.45668111147178,12.888772695688663,OK
1100,6.0,-104,18:54:00,6.0,36.496541610793884,23620.377080103022,1100.0,29.04127965739991,395.7810938851668,4.0209303152626035,107.43020870642097,12.48750471792624,OK
1100,6.0,-105,18:54:02,6.0,36.874498526129116,23620.377080103022,1100.0,29.00635143634792,395.5540122754737,3.6429681454135405,111.94128426615553,12.056924900527877,OK
1100,6.0,-106,18:54:03,6.0,37.25353248086947,23620.377080103022,1100.0,28.97092963499051,395.3243683317902,3.2639656165255886,117.09682845362651,11.59576087072478,OK
1100,6.0,-107,18:54:05,6.0,37.63429811491039,23620.377080103022,1100.0,28.93502772664763,395.0914940605629,2.88315765148306,123.06257848906606,11.100152709254555,OK
1100,6.0,-108,18:54:07,6.0,38.01637390980119,23620.377080103022,1100.0,28.898922835432977,394.8553560871518,2.501076279356873,130.0566408021307,10.566396723262887,OK
1100,6.0,-109,18:54:09,6.0,38.39978829645315,23620.377080103022,1100.0,28.862594970586148,394.6156307953802,2.1176561552226545,138.4234219848445,9.987310954156163,OK
1100,6.0,-110,18:54:10,6.0,38.78461191547689,23620.377080103022,1100.0,28.826019973692482,394.37194795756955,1.7328266590726074,148.7218164378581,9.351403144755324,OK
1100,6.1,-99,18:54:44,6.1000000000000005,33.753118163411386,24072.287317477738,1100.0,29.748444644221934,404.6304577791309,2.33281095032919,87.74929248720407,15.074976057024985,OK
1100,6.1,-100,18:54:46,6.1000000000000005,34.18802405181032,24072.287317477738,1100.0,29.708136210109682,404.3489865642625,3.068790604397009,89.84562819622352,14.814296057680732,OK
1100,6.1,-101,18:54:48,6.1000000000000005,34.564052249216275,24072.287317477738,1100.0,29.673163043570998,404.10588435935034,3.812428768823338,92.21139347418988,14.523350527301696,OK
1100,6.1,-102,18:54:49,6.1000000000000005,34.94127135386543,24072.287317477738,1100.0,29.637943502678183,403.86284741224415,4.556935897474659,94.88014910256672,14.201733170001763,OK
1100,6.1,-103,18:54:51,6.1000000000000005,35.31972001848226,24072.287317477738,1100.0,29.602360186923146,403.6270286573913,5.188042872429683,97.86945383099754,13.852457041412103,OK
1100,6.1,-104,18:54:53,6.1000000000000005,35.6993829434665,24072.287317477738,1100.0,29.56646923357747,403.3959351877705,4.80837095138159,101.21050989553021,13.47714835037836,OK
1100,6.1,-105,18:54:55,6.1000000000000005,36.0804083901067,24072.287317477738,1100.0,29.530160818425774,403.16231753399705,4.427357384724587,104.95060794595503,13.076181224996553,OK
1100,6.1,-106,18:54:56,6.1000000000000005,36.46289117879695,24072.287317477738,1100.0,29.49328297361548,402.9258526318838,4.044853124930768,109.15519237157575,12.649008466994363,OK
1100,6.1,-107,18:54:58,6.1000000000000005,36.84664759509411,24072.287317477738,1100.0,29.45621597018812,402.6863718910802,3.6610920165678635,113.90791715619791,12.194826298811334,OK
1100,6.1,-108,18:55:00,6.1000000000000005,37.23172724481054,24072.287317477738,1100.0,29.41893771740094,402.443544854425,3.2760074693240426,119.32801185073993,11.711425871885321,OK
1100,6.1,-109,18:55:01,6.1000000000000005,37.61820048471526,24072.287317477738,1100.0,29.381423983211704,402.19700734086723,2.8895291540061123,125.58303765245272,11.195364107490262,OK
1100,6.1,-110,18:55:03,6.1000000000000005,38.00614046387312,24072.287317477738,1100.0,29.343650029660623,401.94637113131995,2.501583948503054,132.91681005732408,10.641456908287575,OK
1200,5.9,-98,18:58:17,5.9,39.15630745992911,23140.252939347116,1200.0,28.375498801073103,386.826396638479,0.728521876363402,156.28057552197,8.2844988789199,OK
1200,5.9,-99,18:58:19,5.9,39.52951432026998,23140.252939347116,1200.0,28.341163468116257,386.59873676741415,1.0463271375981549,169.71581287980868,7.674540133436418,OK
1200,5.9,-100,18:58:20,5.9,39.897220553682985,23140.252939347116,1200.0,28.307236963087977,386.3716839463028,0.6786177448615405,190.50147916312696,6.878047284248413,OK
1200,5.9,-101,18:58:22,5.9,40.26582838856376,23140.252939347116,1200.0,28.273115267039216,386.1410717096042,0.31000377325332096,229.68118271505102,5.738767070298405,Temp Cross (MA 0.31)
1200,5.9,-102,18:58:24,5.9,40.635388315320256,23140.252939347116,1200.0,28.23877786005273,385.90408666960786,-0.059562435383512025,1396.2386252079384,0.9496352221544737,Temp Cross (MA -0.06)
1200,6.0,-100,18:59:09,6.0,39.34653001317014,23298.186202469824,1200.0,29.055351532349718,391.19600105216887,1.2196780495746822,161.569428274287,8.168836141997296,OK
1200,6.0,-101,18:59:10,6.0,39.72300625285027,23298.186202469824,1200.0,29.02278887028059,390.96483077689084,0.8489220904534847,179.1193753712729,7.4127784663979215,OK
1200,6.0,-102,18:59:12,6.0,40.09455460626447,23298.186202469824,1200.0,28.99051885943631,390.73911134526253,0.47736343435123274,207.92354720772235,6.424074443605633,Temp Cross (MA 0.48)
1200,6.0,-103,18:59:14,6.0,40.46776108457357,23298.186202469824,1200.0,28.95788301864565,390.51800086774847,0.10414859747807981,285.1027632203517,4.712982934384793,Temp Cross (MA 0.10)
1200,6.0,-104,18:59:15,6.0,40.84175575544788,23298.186202469824,1200.0,28.92516456428149,390.30610890036286,-0.2698796080276793,4312.374879965074,0.31344178068776724,Temp Cross (MA -0.27)
1200,6.1,-99,18:59:56,6.1000000000000005,44.80231562294716,20000.0,1200.0,31.008549737848508,358.30721787454945,-4.523941177691839,-32767.0,-32767.0,Temp Cross (MA -4.52)
1200,6.1,-100,18:59:58,6.1000000000000005,45.583219665526826,20000.0,1200.0,30.961715444811833,357.96479917828697,-4.9179723906174715,-32767.0,-32767.0,Temp Cross (MA -4.92)
1200,6.1,-101,18:59:59,6.1000000000000005,45.960844326877464,20000.0,1200.0,30.939132361999775,357.7992597124146,-5.295663548462102,11268.347821357009,0.10547744900020775,Temp Cross (MA -5.30)
1200,6.1,-102,19:00:01,6.1000000000000005,46.33984091322799,20000.0,1200.0,30.916508184983,357.6331337385219,-5.674686346615545,-32767.0,-32767.0,Temp Cross (MA -5.67)
1200,6.2,-101,19:00:51,6.2,45.86825603065182,20000.0,1200.0,31.556514463492,360.0648281085873,-5.2075353641209645,2197.6764824563165,0.5417138767257638,Temp Cross (MA -5.21)
1200,6.2,-102,19:00:52,6.2,46.25478877225561,20000.0,1200.0,31.533470300125348,359.89808290012354,-5.58975352560762,-32767.0,-32767.0,Temp Cross (MA -5.59)
1200,6.2,-103,19:00:54,6.2,46.638236653888725,20000.0,1200.0,31.51067304315307,359.73276701162564,-5.973229129544876,-32767.0,-32767.0,Temp Cross (MA -5.97)
1200,6.2,-104,19:00:56,6.2,47.02319145592736,20000.0,1200.0,31.48784894051276,359.5669000658019,-6.358212472048706,3153.2755163759202,0.3842440693433041,Temp Cross (MA -6.36)
1200,6.3,-106,19:01:50,6.3,47.723593866318595,20000.0,1200.0,32.05197294507085,361.4351622360633,-7.071055451210384,1094705.8922115227,0.0011217339408046909,Temp Cross (MA -7.07)
1200,6.3,-107,19:01:52,6.3,48.129408197054374,20000.0,1200.0,32.02789016808308,361.26208603167504,-7.46461792793346,-32767.0,-32767.0,Temp Cross (MA -7.46)
1200,6.3,-108,19:01:53,6.3,48.52433977582939,20000.0,1200.0,32.00452417130595,361.0937542339475,-7.859591310347334,-32767.0,-32767.0,Temp Cross (MA -7.86)
1200,6.3,-109,19:01:55,6.3,48.92164618503608,20000.0,1200.0,31.981002603246598,360.9245126172513,-8.256924613328607,-32767.0,-32767.0,Temp Cross (MA -8.26)
1200,6.3,-110,19:01:56,6.3,49.32103223770656,20000.0,1200.0,31.957395938766346,360.7544885273504,-8.656343889676151,6445.9832484667195,0.19500580421826358,Temp Cross (MA -8.66)
1200,6.4,-99,19:02:29,6.4,35.40725260462557,25249.665764815567,1200.0,31.1057072198241,423.38106234733107,2.6623871859255246,103.3817156003206,13.584139575496755,OK
1200,6.4,-100,19:02:31,6.4,35.79208887340684,25249.665764815567,1200.0,31.06774723371524,423.13518330782796,3.4054287660728733,106.56815724760844,13.259590454713244,OK
1200,6.4,-101,19:02:32,6.4,36.17361472665709,25249.665764815567,1200.0,31.03001836267978,422.889931833404,4.149913790685474,110.22689994905699,12.898511233135796,OK
1200,6.4,-102,19:02:34,6.4,36.55641293801892,25249.665764815567,1200.0,30.99204321263387,422.6416684051366,3.9712803672116266,114.41224839319088,12.503074368605573,OK
1200,6.4,-103,19:02:36,6.4,36.94075736756781,25249.665764815567,1200.0,30.95337197132197,422.39006664423385,3.5869360589003207,119.20986186572074,12.073454499330516,OK
1200,6.4,-104,19:02:37,6.4,37.326446867560605,25249.665764815567,1200.0,30.914320191448866,422.13494024784154,3.2012369418240922,124.73806188397415,11.608928210391745,OK
1200,6.4,-105,19:02:39,6.4,37.71343904891222,25249.665764815567,1200.0,30.875034743327173,421.87598130355616,2.814240619642078,131.17187103141316,11.106861462279953,OK
1200,6.4,-106,19:02:41,6.4,38.10179622383521,25249.665764815567,1200.0,30.835489363539583,421.612790976998,2.4258791475176054,138.7743584485202,10.562280934618284,OK
1200,6.5,-99,19:03:13,6.5,34.71471910493193,25630.226754747753,1200.0,31.68808166030176,430.34980541700145,2.920744429461024,98.8303907081731,14.401072218667045,OK
1200,6.5,-100,19:03:15,6.5,35.10204801332628,25630.226754747753,1200.0,31.649882055611208,430.0837040417498,3.664771628013284,101.61912942258243,14.093181471865197,OK
1200,6.5,-101,19:03:16,6.5,35.48623106879671,25630.226754747753,1200.0,31.611808492272985,429.8240924649384,4.410140225783152,104.78781025728335,13.751842385626771,OK
1200,6.5,-102,19:03:18,6.5,35.87173793964854,25630.226754747753,1200.0,31.573341241943485,429.5704262073719,4.648185213976674,108.37196514263759,13.379326246312546,OK
1200,6.5,-103,19:03:20,6.5,36.25850770486642,25630.226754747753,1200.0,31.534664368365927,429.32275281937257,4.261409656944622,112.42089717367077,12.977072257911164,OK
1200,6.5,-104,19:03:21,6.5,36.64651519168882,25630.226754747753,1200.0,31.49575442744485,429.067909825387,3.873314738837138,117.00904335438322,12.544987072581193,OK
1200,6.5,-105,19:03:23,6.5,37.03601058953893,25630.226754747753,1200.0,31.456558092544093,428.8097212660229,3.483814978014081,122.2416392395915,12.08175900597218,OK
1200,6.5,-106,19:03:25,6.5,37.42728421991637,25630.226754747753,1200.0,31.4165968484506,428.54765962030245,3.0925427727274766,128.2719042789487,11.58433168952388,OK
1200,6.5,-107,19:03:26,6.5,37.820134802926816,25630.226754747753,1200.0,31.3762199737717,428.2815008911987,2.6996828911886794,135.31014719370458,11.048916844499695,OK
1200,6.5,-108,19:03:28,6.5,38.21454692491562,25630.226754747753,1200.0,31.33556146708081,428.0108754562659,2.3052658818269833,143.6748217904699,10.469162330547228,OK
1200,6.6,-99,19:03:59,6.6000000000000005,33.36829808538488,26794.27787313477,1200.0,31.586235341953635,444.5687193328885,2.385924492539516,94.43210285145496,15.606767601484252,OK
1200,6.6,-100,19:04:02,6.6000000000000005,33.798377073379754,26756.040584923845,1200.0,31.5773575729205,443.93428901417707,3.1662355160080438,96.64786126233179,15.329221334798708,OK
1200,6.6,-101,19:04:04,6.6000000000000005,34.20952900585809,26719.489628282474,1200.0,31.568940508761745,443.3286988775453,3.9477850670957935,99.18176674856588,15.015919217301233,OK
1200,6.6,-102,19:04:06,6.6000000000000005,34.58909621532587,26719.489628282474,1200.0,31.524385948395636,443.0406531068055,4.687974369936967,102.01967791579357,14.68872281985256,OK
1200,6.6,-103,19:04:08,6.6000000000000005,34.97791775631947,26719.489628282474,1200.0,31.478496610267577,442.7480300219486,5.428471621898495,105.19820848799458,14.333262335762264,OK
1200,6.6,-104,19:04:09,6.6000000000000005,35.3679368715072,26719.489628282474,1200.0,31.432201848193863,442.4596319489442,5.1308123181603875,108.73838164987643,13.95238733683323,OK
1200,6.6,-105,19:04:11,6.6000000000000005,35.75962849246673,26719.489628282474,1200.0,31.38499202859616,442.1917782772182,4.7391166493257515,112.69061571229203,13.546092400443177,OK
1200,6.6,-106,19:04:13,6.6000000000000005,36.15268251500669,26719.489628282474,1200.0,31.337390082604276,441.92319337779406,4.346060794784691,117.11423275865928,13.11462799029074,OK
1200,6.6,-107,19:04:15,6.6000000000000005,36.547042763644356,26719.489628282474,1200.0,31.289558433340154,441.6447020936946,3.951703664965123,122.09252617122678,12.657109752029248,OK
1200,6.6,-108,19:04:16,6.6000000000000005,36.94279664186092,26719.489628282474,1200.0,31.241439677582484,441.35877308037396,3.555952496762238,127.74072760575746,12.171571778448506,OK
1200,6.6,-109,19:04:18,6.6000000000000005,37.34002737345742,26719.489628282474,1200.0,31.192971893317722,441.06667622897885,3.1587101782459115,134.21840009924742,11.654971435238133,OK
1200,6.6,-110,19:04:20,6.6000000000000005,37.738685437658376,26719.489628282474,1200.0,31.144103844714277,440.76993103679894,2.7600694823096177,141.74957224847972,11.103092661924467,OK
1200,6.6,-111,19:04:21,6.6000000000000005,38.13923543700025,26719.489628282474,1200.0,31.094714732873896,440.46983362571075,2.359520627058288,150.68165569645458,10.508561481237491,OK
1200,6.6,-112,19:04:23,6.6000000000000005,38.5414954516915,26719.489628282474,1200.0,31.04475594429578,440.1683355235981,1.9571584851749435,161.54755634883008,9.861364234150761,OK
1300,6.3,-96,19:07:34,6.3,38.51283591530307,25096.42945817396,1300.0,30.05010015154166,416.80793041864933,-0.5324165433977441,185.20290176856344,7.52034083698251,Temp Cross (MA -0.53)
1300,6.3,-97,19:07:36,6.3,38.89661341089379,25096.42945817396,1300.0,30.00966101158984,416.5398629646194,0.20345511660877946,161.70315069467418,8.665812537164502,Temp Cross (MA 0.20)
1300,6.3,-98,19:07:37,6.3,39.26963388293876,25096.42945817396,1300.0,29.97023749876394,416.2783028550026,0.9416775317488373,172.12028876978974,8.190655947983728,OK
1300,6.3,-99,19:07:39,6.3,39.64369832963581,25096.42945817396,1300.0,29.930559448755954,416.0169265180829,0.9310907182110668,188.8054539906337,7.511915669651215,OK
1300,6.3,-100,19:07:41,6.3,40.018730630519144,25096.429458173963,1300.0,29.890605049976504,415.75782636707515,0.5560558824419246,215.83839237240534,6.610627515100139,OK
1300,6.4,-100,19:08:26,6.4,40.049600685624,24783.252297060197,1300.0,31.04787240681623,416.24735746197285,0.5268202900146406,212.78569322194502,6.661838717350687,OK
1300,6.4,-101,19:08:28,6.4,40.434584749557246,24783.252297060197,1300.0,31.01274362845868,415.9960194749543,0.14741862109614345,279.83468742841785,5.096313088628381,Temp Cross (MA 0.15)
1300,6.4,-102,19:08:29,6.4,40.81476322407781,24783.252297060197,1300.0,30.97798185657063,415.74876432851636,-0.2327673590266528,3659.7945475085285,0.39202124800953847,Temp Cross (MA -0.23)
1300,6.4,-103,19:08:31,6.4,41.19627180742964,24783.252297060197,1300.0,30.942900488347977,415.51084408660205,-0.6142837715468232,25318.753847406257,0.057006707912061944,Temp Cross (MA -0.61)
1300,6.4,-104,19:08:33,6.4,41.57906074832346,24783.252297060197,1300.0,30.90762745212203,415.2752102256185,-0.9970851638345195,1038316.014630337,0.0013984100581673881,Temp Cross (MA -1.00)
1300,6.5,-99,19:09:19,6.5,38.178255744865,25789.222537766676,1300.0,31.181794025001796,429.3813309321722,2.329660489866484,143.060695240586,10.158939136030417,OK
1300,6.5,-100,19:09:21,6.5,38.56323144378598,25789.222537766687,1300.0,31.14018990547109,429.1292091450714,1.9962103385940395,151.5841481718348,9.64625193437525,OK
1300,6.6,-99,19:10:05,6.6000000000000005,37.16520600370967,26460.50343935689,1300.0,31.50625749439252,439.0307580833534,2.292037634013127,129.0885620150469,11.495585957033656,OK
1300,6.6,-100,19:10:07,6.6000000000000005,37.60757831625284,26422.166020083347,1300.0,31.496841252966153,438.3946663972977,2.9480365065725636,135.1506000299766,11.036618660105507,OK
1300,6.6,-101,19:10:10,6.6000000000000005,38.00083689827932,26388.179844704577,1300.0,31.488469858736448,437.8307702350387,2.535649208474844,142.35782074375646,10.53179056518008,OK
1300,6.6,-102,19:10:12,6.6000000000000005,38.438060636268176,26350.4985090586,1300.0,31.479165528928412,437.20556424104996,2.1140544145642934,151.47461663992485,9.948611547449339,OK
1300,6.7,-99,19:11:00,6.7,140.08645293484676,7619.988319990436,1300.0,33.179889325186664,169.10913057130418,-98.469384143045,-32767.0,-32767.0,Temp Cross (MA -98.47)
1300,6.7,-100,19:11:01,6.7,140.70938540658932,7619.988319990436,1300.0,33.15765399202722,169.06248223835584,-98.84417282108978,1355554.332815137,0.0004902539605908756,Temp Cross (MA -98.84)
1300,6.7,-101,19:11:03,6.7,141.07974185894778,7619.988319990436,1300.0,33.14447096280483,169.03475667679797,-99.21462082347196,31503.93445469044,0.02118067789987026,Temp Cross (MA -99.21)
1300,6.7,-102,19:11:05,6.7,141.45179551085016,7619.988319990436,1300.0,33.13125497316864,169.00691051408558,-99.58676433894036,5920.747937415526,0.11316054814761554,Temp Cross (MA -99.59)
1300,6.7,-103,19:11:06,6.7,141.82562005091216,7619.988319990436,1300.0,33.11800370439021,168.97893832173168,-99.96067647515179,1922.6076169007854,0.3499037035164033,Temp Cross (MA -99.96)
1300,6.7,-104,19:11:08,6.7,142.2012806150742,7619.988319990436,1300.0,33.104715161657836,168.9508353164715,-100.33642512387473,794.8260220360597,0.8498369308398923,Temp Cross (MA -100.34)
1300,6.8,-99,19:11:42,6.8,35.65430741809075,27399.85829298431,1300.0,32.52534929272898,454.6164658323571,2.645954388864652,114.28938041579856,13.3815877842386,OK
1300,6.8,-100,19:11:44,6.8,36.086476978111705,27360.85345440745,1300.0,32.51586031866289,453.96930037352286,3.427956165542696,118.19698636365429,13.00681917337523,OK
1300,6.8,-101,19:11:47,6.8,36.5020499314156,27323.453135387863,1300.0,32.50672471950643,453.3487569870615,4.031109041551133,122.71307871446609,12.593007830444517,OK
1300,6.8,-102,19:11:49,6.8,36.93088814732323,27284.968092482348,1300.0,32.49729024928162,452.710215940388,3.607962306315102,128.02955086463714,12.13294944092782,OK
1300,6.8,-103,19:11:51,6.8,37.35460512984275,27247.05101824377,1300.0,32.487964994197995,452.0810985887314,3.1844494800575234,134.22629160998935,11.632529194974902,OK
1300,6.8,-104,19:11:54,6.8,37.75040127245683,27211.729387909305,1300.0,32.4792545101076,451.49504465449616,2.7631010729083485,141.47609973671408,11.093368517537582,OK
1300,6.8,-105,19:11:56,6.8,38.21024221346897,27170.80930102559,1300.0,32.46913889737708,450.8161015343636,2.329787464015382,150.49588232433905,10.481893295111997,OK
1300,6.8,-106,19:11:59,6.8,38.6202707893847,27134.427521853526,1300.0,32.460126467116375,450.21245768733934,1.9026329947868987,161.43926369926638,9.821180550645197,OK
1300,6.9,-99,19:12:30,6.9,35.3206716755999,27405.76011646978,1300.0,33.46098534976926,458.18961417236585,3.2925416988690586,110.12755903490635,13.925493893960793,OK
1300,6.9,-100,19:12:32,6.9,35.71946294960293,27405.76011646978,1300.0,33.41640050410588,457.897644315244,4.034734533029905,113.67992422405784,13.574948264162666,OK
1300,6.9,-101,19:12:34,6.9,36.112070436434465,27405.76011646978,1300.0,33.37236347495656,457.60642486580934,4.414313387356458,117.71793136694235,13.191090565399733,OK
1300,6.9,-102,19:12:36,6.9,36.50603877022695,27405.76011646978,1300.0,33.328010806596,457.31003026916943,4.0203422288360855,122.31949186218684,12.77386147066895,OK
1300,6.9,-103,19:12:37,6.9,36.90143565257239,27405.76011646978,1300.0,33.28331334261875,457.0035142548243,3.624942568611999,127.58215290828376,12.322988425046749,OK
1300,6.9,-104,19:12:39,6.9,37.29839876986631,27405.76011646978,1300.0,33.23815440607335,456.70066955138236,3.2279895430292243,133.64773831930907,11.836581172780306,OK
1300,6.9,-105,19:12:41,6.9,37.69666892582478,27405.76011646978,1300.0,33.192415512543924,456.42654878897315,2.829700801821822,140.7151214329823,11.3115757191925,OK
1300,6.9,-106,19:12:43,6.9,38.09681706505643,27405.76011646978,1300.0,33.14643018741239,456.1487298333543,2.429548209090889,149.09672541650139,10.741544433999021,OK
1300,6.9,-107,19:12:45,6.9,38.49854773602601,27405.76011646978,1300.0,33.10021485851716,455.8669352091755,2.027814901241655,159.2628125034993,10.117818016026021,OK
1300,6.9,-108,19:12:46,6.9,38.90208826234425,27405.76011646978,1300.0,33.05372482744329,455.5804838327131,1.6242588173667372,172.0236003087752,9.424872538210298,OK
1300,7.0,-97,19:13:23,7.0,33.841776338880535,27859.644967272336,1300.0,34.07565921378272,466.41710306935624,1.9916396775899443,100.56287146436256,15.2777552574557,OK
1300,7.0,-98,19:13:24,7.0,34.235066036096384,27859.644967272336,1300.0,34.03099837756031,466.1308817496213,2.7318106101697595,102.88522287337106,15.02750100243314,OK
1300,7.0,-99,19:13:26,7.0,34.6276606321548,27859.644967272336,1300.0,33.986313915948735,465.8421726087133,3.473956052257961,105.60264643536193,14.73321131712961,OK
1300,7.0,-100,19:13:28,7.0,35.02155436484219,27859.644967272336,1300.0,33.94135873544866,465.54913558425653,4.2170869999487195,108.70524507372653,14.402794319001055,OK
1300,7.0,-101,19:13:29,7.0,35.41678490280344,27859.644967272336,1300.0,33.89610746465017,465.2513212606382,4.961210547009557,112.21177692875176,14.040312695840976,OK
1300,7.0,-102,19:13:31,7.0,35.813418474066,27859.644967272336,1300.0,33.85053125531184,464.94823050946985,4.704370838438507,116.16307039298127,13.64766622660872,OK
1300,7.0,-103,19:13:33,7.0,36.21155907468744,27859.644967272336,1300.0,33.80454668184366,464.63782750685067,4.306229318123528,120.62181403515508,13.225298488718451,OK
1300,7.0,-104,19:13:34,7.0,36.61155766686073,27859.644967272336,1300.0,33.758117559916414,464.3205414827533,3.9062050655607976,125.68014010830824,12.772135123464807,OK
1300,7.0,-105,19:13:36,7.0,37.01300416471861,27859.644967272336,1300.0,33.711116160192496,464.03622067582205,3.5047757218942905,131.45346744077412,12.287152337581686,OK
1300,7.0,-106,19:13:38,7.0,37.41587327167014,27859.644967272336,1300.0,33.66386785812592,463.7516779744363,3.1019122261222236,138.1116419173195,11.767420055067555,OK
1300,7.0,-107,19:13:39,7.0,37.82050566372453,27859.644967272336,1300.0,33.61637026658815,463.46299150104505,2.6972665213141696,145.90761278077218,11.207724601590744,OK
1300,7.0,-108,19:13:41,7.0,38.226873332522246,27859.644967272336,1300.0,33.56860798551187,463.16964123322055,2.2908951356910734,155.2153825042469,10.600848260485863,OK
500,3.1,-109,07:44:33,3.1,35.841524714850785,12468.416468619625,500.0,14.246385261301539,206.87506369115727,1.4392682642639443,60.107767398228575,11.275515490749179,OK
500,3.1,-110,07:44:36,3.1,36.174010706067236,12454.72501744809,500.0,14.244711970909936,206.64939466045576,2.2200014121961544,61.86829324941656,11.007330072326965,OK
500,3.1,-111,07:44:37,3.1,36.47351927284785,12454.72501744809,500.0,14.227016475139358,206.5450797437443,2.961810468863291,63.95144993591225,10.708394085711124,OK
500,3.1,-112,07:44:39,3.1,36.78177008667103,12454.72501744809,500.0,14.20871099714996,206.43824733180878,3.6743864748749644,66.31299246757955,10.384817339078445,OK
500,3.1,-113,07:44:41,3.1,37.090504985654206,12454.72501744809,500.0,14.190274195829803,206.3323527012627,3.3657197819975906,68.96864891573307,10.040558026070142,OK
500,3.1,-114,07:44:42,3.1,37.399483328999224,12454.72501744809,500.0,14.171712658536824,206.2280877727659,3.056804764933986,71.96208248773713,9.676258372489952,OK
500,3.1,-115,07:44:44,3.1,37.70872535544197,12454.72501744809,500.0,14.15288961472155,206.1318159848379,2.747384388821878,75.36012353151057,9.290962678562297,OK
500,3.1,-116,07:44:45,3.1,38.018523776666825,12454.72501744809,500.0,14.133963522029667,206.0355299540571,2.4377456327728666,79.25050647284903,8.88344348561021,OK
